INSERT INTO patients (id, first_name, last_name, birthday, sex, country, state, address) VALUES (1, 'Marie', 'Green', '2000-10-17', 'FEMALE', 'USA', 'Indiana', 'Union City');
INSERT INTO patients (id, first_name, last_name, birthday, sex, country, state, address) VALUES (2, 'Janette', 'Logan', '2001-09-12', 'FEMALE', 'USA', 'Georgia', 'North Carolina');
INSERT INTO patients (id, first_name, last_name, birthday, sex, country, state, address) VALUES (3, 'Cleo', 'Joyce', '1998-10-2', 'MALE', 'USA', 'Florida', 'Loper');
INSERT INTO patients (id, first_name, last_name, birthday, sex, country, state, address) VALUES (4, 'Jayson', 'Balfour', '1995-3-28', 'MALE', 'USA', 'Manitoba', 'Bloomer');
INSERT INTO patients (id, first_name, last_name, birthday, sex, country, state, address) VALUES (5, 'Isabel', 'Sharlene', '1990-6-4', 'FEMALE', 'USA', 'Indiana', 'Union City');
INSERT INTO patients (id, first_name, last_name, birthday, sex, country, state, address) VALUES (6, 'Kenny', 'Braidy', '2002-7-9', 'MALE', 'USA', 'Florida', 'Rush Lake');
INSERT INTO patients (id, first_name, last_name, birthday, sex, country, state, address) VALUES (7, 'Angie', 'Andy', '2000-8-15', 'FEMALE', 'USA', 'Indiana', 'Lancaster');
INSERT INTO patients (id, first_name, last_name, birthday, sex, country, state, address) VALUES (8, 'Bruce', 'Tayler', '2001-9-7', 'MALE', 'USA', 'Georgia', 'Richwood');
INSERT INTO patients (id, first_name, last_name, birthday, sex, country, state, address) VALUES (9, 'Emmy', 'Ambrosine', '1998-4-3', 'FEMALE', 'USA', 'Arizona', 'Broom Hill');
INSERT INTO patients (id, first_name, last_name, birthday, sex, country, state, address) VALUES (10, 'Fancy', 'Forrest', '1998-11-17', 'FEMALE', 'USA', 'West Virginia', 'Ladd');

INSERT INTO doctors(id, first_name, last_name) VALUES (1, 'Sheridan', 'Norris');
INSERT INTO doctors(id, first_name, last_name) VALUES (2, 'Damian', 'Zayden');
INSERT INTO doctors(id, first_name, last_name) VALUES (3, 'Paulie', 'Loren');
INSERT INTO doctors(id, first_name, last_name) VALUES (4, 'Blaze', 'Dane');
INSERT INTO doctors(id, first_name, last_name) VALUES (5, 'Claud', 'Casimir');
INSERT INTO doctors(id, first_name, last_name) VALUES (6, 'Hamnet', 'Amery');
INSERT INTO doctors(id, first_name, last_name) VALUES (7, 'Norbert', 'Meade');
INSERT INTO doctors(id, first_name, last_name) VALUES (8, 'Benton', 'Reilly');
INSERT INTO doctors(id, first_name, last_name) VALUES (9, 'Sidney', 'Landen');

INSERT INTO comments (id, date_creating, text, id_doctor, id_patient) VALUES (1, '2020-09-16 14:15:39.16246', 'Lorem Ipsum is simply dummy text of the printing and typesetting industry. Lorem Ipsum has been the industry standard dummy text ever since the 1500s, when an unknown printer took a galley of type and scrambled it to make a type specimen book. It has survived not only five centuries, but also the leap into electronic typesetting, remaining essentially unchanged. It was popularised in the 1960s with the release of Letraset sheets containing Lorem Ipsum passages, and more recently with desktop publishing software like Aldus PageMaker including versions of Lorem Ipsum.', 1, 1);
INSERT INTO comments (id, date_creating, text, id_doctor, id_patient) VALUES (2, '2020-10-16 19:25:19.16246', 'It is a long established fact that a reader will be distracted by the readable content of a page when looking at its layout. The point of using Lorem Ipsum is that it has a more-or-less normal distribution of letters, as opposed to using ''Content here, content here'', making it look like readable English.', 8, 1);
INSERT INTO comments (id, date_creating, text, id_doctor, id_patient) VALUES (3, '2020-10-26 14:15:39.16246', 'Many desktop publishing packages and web page editors now use Lorem Ipsum as their default model text, and a search for ''lorem ipsum'' will uncover many web sites still in their infancy. Various versions have evolved over the years, sometimes by accident, sometimes on purpose (injected humour and the like).', 3, 1);
INSERT INTO comments (id, date_creating, text, id_doctor, id_patient) VALUES (4, '2020-07-16 13:15:39.16246', 'Lorem Ipsum is simply dummy text of the printing and typesetting industry. Lorem Ipsum has been the industry''s standard dummy text ever since the 1500s, when an unknown printer took a galley of type and scrambled it to make a type specimen book. It has survived not only five centuries, but also the leap into electronic typesetting, remaining essentially unchanged. It was popularised in the 1960s with the release of Letraset sheets containing Lorem Ipsum passages, and more recently with desktop publishing software like Aldus PageMaker including versions of Lorem Ipsum.', 4, 2);
INSERT INTO comments (id, date_creating, text, id_doctor, id_patient) VALUES (5, '2020-07-16 14:15:39.16246', 'Lorem Ipsum is simply dummy text of the printing and typesetting industry. Lorem Ipsum has been the industry''s standard dummy text ever since the 1500s, when an unknown printer took a galley of type and scrambled it to make a type specimen book. It has survived not only five centuries, but also the leap into electronic typesetting, remaining essentially unchanged. It was popularised in the 1960s with the release of Letraset sheets containing Lorem Ipsum passages, and more recently with desktop publishing software like Aldus PageMaker including versions of Lorem Ipsum.', 7, 3);
INSERT INTO comments (id, date_creating, text, id_doctor, id_patient) VALUES (6, '2020-08-12 10:35:39.16246', 'Lorem ipsum dolor sit amet, consectetur adipiscing elit. Curabitur ut libero auctor, faucibus purus sit amet, eleifend nisi. Proin libero eros, mollis eu augue et, congue accumsan ipsum. Cras faucibus bibendum purus at ultrices. Pellentesque in dui rhoncus, aliquet ligula at, interdum ante. Cras sed aliquet nibh, id egestas purus. Donec vitae dui nec nisl molestie suscipit eget sed dui. Proin dictum dui vitae nisi gravida suscipit. Quisque euismod maximus pulvinar. Ut congue justo eget elit malesuada porta. ', 8, 3);
INSERT INTO comments (id, date_creating, text, id_doctor, id_patient) VALUES (7, '2020-10-11 14:15:39.16246', 'Sed lacinia mi mauris, id finibus arcu imperdiet sit amet. Cras eleifend aliquam ante, et interdum purus luctus sed. Proin non finibus velit. Mauris euismod nulla in mi rutrum blandit. Donec vel purus eget tellus suscipit sollicitudin. Donec magna lectus, lacinia sit amet pretium a, elementum id diam. Sed non nisl a velit congue commodo eget ut lacus. Pellentesque ut dictum mauris, ut convallis velit. Quisque lacinia ante eu euismod rutrum. Donec facilisis lectus dolor, nec euismod mauris viverra eu. ', 1, 4);
INSERT INTO comments (id, date_creating, text, id_doctor, id_patient) VALUES (8, '2020-10-29 13:21:39.16246', 'In imperdiet nunc at lacus dapibus, vel rutrum orci rutrum. Phasellus eget nunc finibus, porttitor ligula in, aliquet libero. Morbi venenatis sit amet neque a rhoncus. Curabitur at semper nulla.', 8, 4);
INSERT INTO comments (id, date_creating, text, id_doctor, id_patient) VALUES (9, '2020-11-16 14:45:39.16246', 'Ut vulputate lectus eu metus sodales pulvinar. Morbi hendrerit mi ut enim volutpat, a tristique enim facilisis. Ut sed elit quam.', 4, 4);
INSERT INTO comments (id, date_creating, text, id_doctor, id_patient) VALUES (10, '2020-11-18 14:15:39.16246', 'Praesent ac dignissim arcu. Suspendisse dapibus hendrerit lectus, non lobortis sem bibendum eu. Aenean imperdiet tellus ut augue cursus accumsan.', 1, 4);

INSERT INTO comments (id, date_creating, text, id_doctor, id_patient) VALUES (11, '2020-08-10 17:15:39.16246', 'Pellentesque tincidunt magna eget velit mattis, et interdum mi pharetra. Duis rhoncus neque quis feugiat tincidunt. Duis blandit elit et turpis egestas, ullamcorper finibus mauris convallis', 1, 5);
INSERT INTO comments (id, date_creating, text, id_doctor, id_patient) VALUES (12, '2020-09-01 10:11:39.16246', 'Nunc bibendum dolor dui, ut molestie felis fringilla in. In ligula nisi, sollicitudin non quam ut, suscipit pharetra felis. In nec tincidunt purus. Sed nec tincidunt orci. Aenean consequat dapibus odio at lobortis. Fusce magna dui, dictum eu convallis at, pharetra et quam. ', 7, 5);
INSERT INTO comments (id, date_creating, text, id_doctor, id_patient) VALUES (13, '2020-09-15 11:14:39.16246', 'In velit diam, rhoncus eget libero eget, rutrum varius sapien. Praesent venenatis ex in felis dictum, vitae elementum nisl feugiat. Ut pulvinar lectus sit amet consectetur scelerisque. Morbi ac ligula molestie, convallis velit nec, pellentesque quam. Sed dignissim sollicitudin metus vitae maximus.', 2, 5);
INSERT INTO comments (id, date_creating, text, id_doctor, id_patient) VALUES (14, '2020-09-29 12:30:39.16246', 'Quisque euismod justo sit amet feugiat convallis. Sed eget massa sit amet sem venenatis sagittis. Aliquam erat volutpat.', 4, 5);
INSERT INTO comments (id, date_creating, text, id_doctor, id_patient) VALUES (15, '2020-10-10 11:30:39.16246', 'Sed eu ligula pharetra, pharetra lectus at, tristique libero. Etiam quis urna id nisl accumsan vehicula at vel lacus. ', 1, 5);
INSERT INTO comments (id, date_creating, text, id_doctor, id_patient) VALUES (16, '2020-07-12 14:10:39.16246', 'Nunc rutrum orci a luctus volutpat. In et elementum orci, at placerat eros. Aenean laoreet ut tortor sit amet euismod. Curabitur ac scelerisque ante. Donec gravida augue vel faucibus facilisis. Suspendisse potenti. Proin cursus lacinia faucibus. Curabitur at ipsum dictum, iaculis lacus sed, egestas nisi. Nulla egestas ultricies justo eget bibendum. Orci varius natoque penatibus et magnis dis parturient montes, nascetur ridiculus mus.', 5, 6);
INSERT INTO comments (id, date_creating, text, id_doctor, id_patient) VALUES (17, '2020-07-19 10:15:39.16246', 'Maecenas egestas consequat libero, in lacinia dui consectetur sed. Fusce quis risus non nibh ultricies auctor. Fusce at accumsan libero. Aliquam erat volutpat. Fusce augue quam, pretium nec lobortis quis, hendrerit rhoncus tellus. ', 6, 6);
INSERT INTO comments (id, date_creating, text, id_doctor, id_patient) VALUES (18, '2020-06-16 12:15:39.16246', 'Cras placerat, sapien vel congue vestibulum, lectus mauris euismod lorem, non lobortis metus tortor vitae risus. Maecenas euismod orci ac luctus pharetra. Maecenas egestas arcu elit, id vehicula augue tempor eu. Nunc aliquam eu ante vitae lacinia. Curabitur ac imperdiet augue.', 1, 7);
INSERT INTO comments (id, date_creating, text, id_doctor, id_patient) VALUES (19, '2020-07-17 11:15:39.16246', 'Proin vestibulum, neque sagittis sagittis elementum, ipsum felis consectetur quam, eget efficitur felis est eget lacus. Suspendisse tristique sapien ut nisl commodo feugiat. Suspendisse euismod, nisi a consectetur ultrices, sem metus feugiat justo, sit amet ullamcorper ante diam quis nisl.', 2, 7);
INSERT INTO comments (id, date_creating, text, id_doctor, id_patient) VALUES (20, '2020-08-16 10:25:39.16246', 'Nulla laoreet aliquet orci quis aliquam. Maecenas non magna in erat auctor congue. Suspendisse a felis velit. In nunc nunc, fermentum eget pellentesque id, porta eget ligula. Duis nulla dui, faucibus at tortor in, eleifend facilisis eros. Mauris eget nibh velit. Donec lobortis neque orci, vitae facilisis leo faucibus a. Pellentesque habitant morbi tristique senectus et netus et malesuada fames ac turpis egestas. Suspendisse dui neque, gravida vel nisi quis, viverra porttitor tellus. In gravida dignissim euismod. Quisque eleifend porttitor arcu eu venenatis. ', 3, 7);
INSERT INTO comments (id, date_creating, text, id_doctor, id_patient) VALUES (21, '2020-09-23 12:18:39.16246', 'Curabitur id quam vitae nisi porta condimentum. Fusce orci erat, auctor sed eros at, fermentum tempor nisl. Donec eu finibus nisi, et dictum orci. Vivamus porta finibus velit, a elementum est ultrices sit amet. Praesent hendrerit vel felis ac posuere. Donec mollis consequat arcu, et luctus dui accumsan a.', 6, 8);
INSERT INTO comments (id, date_creating, text, id_doctor, id_patient) VALUES (22, '2020-10-16 11:15:39.16246', 'Nulla turpis lectus, finibus et felis ac, iaculis congue ex. In hac habitasse platea dictumst. Suspendisse potenti. Cras luctus nunc libero, eget aliquet turpis maximus eget. Suspendisse feugiat maximus lobortis. Phasellus a quam volutpat, tristique nisi sit amet, elementum magna. Suspendisse eu finibus sapien, ut accumsan libero. Vivamus cursus nisl purus. Pellentesque imperdiet ex velit, cursus imperdiet ante elementum non. ', 1, 9);
INSERT INTO comments (id, date_creating, text, id_doctor, id_patient) VALUES (23, '2020-10-26 15:15:39.16246', 'Duis tempor viverra eros vel aliquet. Ut aliquet, massa non lacinia aliquam, elit justo mattis risus, et blandit nunc neque vel justo. Nunc imperdiet, nunc id fermentum venenatis, purus orci eleifend leo, id consectetur augue purus et enim. Etiam venenatis consectetur ultrices. Sed faucibus ante sed nunc viverra, non feugiat metus hendrerit.', 1, 9);
INSERT INTO comments (id, date_creating, text, id_doctor, id_patient) VALUES (24, '2020-05-16 13:15:39.16246', 'Sed posuere suscipit cursus. Maecenas suscipit tempor lacus eget aliquam. Nunc laoreet enim quis aliquet rutrum. Vivamus ultricies placerat erat, luctus sagittis magna pellentesque eget. Proin vulputate condimentum efficitur. Donec quis scelerisque nisi. Pellentesque accumsan, est non pretium vulputate, purus dui facilisis eros, in tincidunt metus nisl ac justo. Nulla porttitor semper purus vel fringilla. ', 7, 10);
INSERT INTO comments (id, date_creating, text, id_doctor, id_patient) VALUES (25, '2020-06-20 10:25:39.16246', 'Proin rutrum nisi non fermentum pellentesque. Suspendisse eu ante non massa mattis dignissim. Maecenas pellentesque ut mi vel auctor.', 8, 10);
INSERT INTO comments (id, date_creating, text, id_doctor, id_patient) VALUES (27, '2020-08-20 10:35:39.16246', 'Phasellus varius lacus vel dictum iaculis. Morbi eget ullamcorper ipsum, vel consequat lacus. Duis et massa ante. Praesent eget nibh nec eros vulputate porttitor. Pellentesque nisl eros, eleifend ut nibh ut, venenatis luctus erat. ', 5, 10);
INSERT INTO comments (id, date_creating, text, id_doctor, id_patient) VALUES (28, '2020-09-10 15:15:39.16246', 'Pellentesque congue, neque eu egestas vulputate, diam eros mattis mi, sed dignissim arcu est non tortor. Sed mi massa, dictum sit amet ullamcorper vestibulum, dictum eget orci. Quisque vitae nibh aliquet, condimentum nibh quis, porta augue. Ut nec maximus arcu, at facilisis risus.', 6, 10);


